,TITLE,URL
0,RainBoltz (Philip Wang) · GitHub,https://github.com/rainboltz
1,RainBoltz (Philip Wang) · GitHub,https://github.com/rainboltz#start-of-content
2,The world's leading software development platform · GitHub,https://github.com/
3,"Features For collaborative coding - developers work better, together | GitHub · GitHub",https://github.com/features
4,GitHub for Business - Git hosting software for businesses · GitHub,https://github.com/business
5,GitHub Marketplace · GitHub,https://github.com/marketplace
6,Pricing - Git hosting software and tools · GitHub,https://github.com/pricing
7,Sign in to GitHub · GitHub,https://github.com/login?return_to=%2Frainboltz
8,Join GitHub · GitHub,https://github.com/join?source=header
9,(ERROR TITLE),https://avatars3.githubusercontent.com/u/13642559?v=4&s=400
10,RainBoltz (Philip Wang) · GitHub,https://github.com/rainboltz#report-block-modal
11,Contact GitHub · GitHub,https://github.com/contact/report-abuse?report=RainBoltz+%28user%29
12,RainBoltz (Philip Wang) · GitHub,https://github.com/RainBoltz
13,RainBoltz (Philip Wang) / Repositories · GitHub,https://github.com/RainBoltz?tab=repositories
14,RainBoltz (Philip Wang) / Starred · GitHub,https://github.com/RainBoltz?tab=stars
15,RainBoltz (Philip Wang) / Followers · GitHub,https://github.com/RainBoltz?tab=followers
16,RainBoltz (Philip Wang) / Following · GitHub,https://github.com/RainBoltz?tab=following
17,"GitHub - RainBoltz/onlinejudge: python based, django web framework, online judge!",https://github.com/RainBoltz/onlinejudge
18,GitHub - RainBoltz/tsai-analyzer: Tsai Ing-Wen analyzer (NLP focused),https://github.com/RainBoltz/tsai-analyzer
19,GitHub - RainBoltz/NodejsWebImageViewer: View images on local webpage (Nodejs required),https://github.com/RainBoltz/NodejsWebImageViewer
20,GitHub - RainBoltz/TaiwanLotteryAnalyzer: Taiwan Lottery Analyzer Demo - Lotto649 focused,https://github.com/RainBoltz/TaiwanLotteryAnalyzer
21,GitHub - RainBoltz/pythonNeuralNetworks: Artificial Neural Network implementations in python,https://github.com/RainBoltz/pythonNeuralNetworks
22,"GitHub - RainBoltz/DeepUrlCrawler: crawl website recursively, python implements",https://github.com/RainBoltz/DeepUrlCrawler
23,"
  
    
      Why are my contributions not showing up on my profile? - User Documentation
    
  
  ",https://help.github.com/articles/why-are-my-contributions-not-showing-up-on-my-profile
